--
-- Generated by mysql-backup4j
-- https://github.com/SeunMatt/mysql-backup4j
-- Date: 18-1-2025 19:34:53
--

/*!40101 SET @OLD_CHARACTER_SET_CLIENT=@@CHARACTER_SET_CLIENT */;
/*!40101 SET NAMES utf8 */;
/*!50503 SET NAMES utf8mb4 */;
/*!40014 SET @OLD_FOREIGN_KEY_CHECKS=@@FOREIGN_KEY_CHECKS, FOREIGN_KEY_CHECKS=0 */;
/*!40101 SET @OLD_SQL_MODE=@@SQL_MODE, SQL_MODE='NO_AUTO_VALUE_ON_ZERO' */;

--
-- start  table dump : attendance
--

CREATE TABLE IF NOT EXISTS `attendance` (
  `id` int NOT NULL AUTO_INCREMENT,
  `employee_nic` bigint NOT NULL,
  `attendance_status_id` int NOT NULL,
  `date` date NOT NULL,
  `arrived_at` time DEFAULT NULL,
  `left_at` time DEFAULT NULL,
  `created_at` timestamp NOT NULL DEFAULT CURRENT_TIMESTAMP,
  `updated_at` timestamp NULL DEFAULT NULL ON UPDATE CURRENT_TIMESTAMP,
  PRIMARY KEY (`id`) USING BTREE,
  KEY `fk_attendance_employee1_idx` (`employee_nic`) USING BTREE,
  KEY `fk_attendance_attendance_status1_idx` (`attendance_status_id`) USING BTREE,
  CONSTRAINT `fk_attendance_attendance_status1` FOREIGN KEY (`attendance_status_id`) REFERENCES `attendance_status` (`id`) ON DELETE RESTRICT ON UPDATE RESTRICT,
  CONSTRAINT `fk_attendance_employee1` FOREIGN KEY (`employee_nic`) REFERENCES `employee` (`nic`) ON DELETE RESTRICT ON UPDATE RESTRICT
) ENGINE=InnoDB AUTO_INCREMENT=5 DEFAULT CHARSET=utf8mb3 ROW_FORMAT=DYNAMIC;



--
-- end  table dump : attendance
--


--
-- Inserts of attendance
--


/*!40000 ALTER TABLE `attendance` DISABLE KEYS */;

--
-- start table insert : attendance
--
INSERT INTO `attendance`(`id`, `employee_nic`, `attendance_status_id`, `date`, `arrived_at`, `left_at`, `created_at`, `updated_at`) VALUES 
(1, '200102465189', 1, '2024-05-21', '14:01:59', '18:02:05', '2024-05-21 14:02:18', '2024-05-23 14:31:06');
--
-- end table insert : attendance
--

/*!40000 ALTER TABLE `attendance` ENABLE KEYS */;


--
-- start  table dump : attendance_status
--

CREATE TABLE IF NOT EXISTS `attendance_status` (
  `id` int NOT NULL AUTO_INCREMENT,
  `status` varchar(45) CHARACTER SET utf8mb3 COLLATE utf8mb3_general_ci NOT NULL,
  PRIMARY KEY (`id`) USING BTREE
) ENGINE=InnoDB AUTO_INCREMENT=3 DEFAULT CHARSET=utf8mb3 ROW_FORMAT=DYNAMIC;



--
-- end  table dump : attendance_status
--


--
-- Inserts of attendance_status
--


/*!40000 ALTER TABLE `attendance_status` DISABLE KEYS */;

--
-- start table insert : attendance_status
--
INSERT INTO `attendance_status`(`id`, `status`) VALUES 
(1, 'Present'),
(2, 'Absent');
--
-- end table insert : attendance_status
--

/*!40000 ALTER TABLE `attendance_status` ENABLE KEYS */;


--
-- start  table dump : brand
--

CREATE TABLE IF NOT EXISTS `brand` (
  `id` int NOT NULL AUTO_INCREMENT,
  `brand_name` varchar(45) CHARACTER SET utf8mb3 COLLATE utf8mb3_general_ci DEFAULT NULL,
  PRIMARY KEY (`id`) USING BTREE
) ENGINE=InnoDB AUTO_INCREMENT=2 DEFAULT CHARSET=utf8mb3 ROW_FORMAT=DYNAMIC;



--
-- end  table dump : brand
--


--
-- Inserts of brand
--


/*!40000 ALTER TABLE `brand` DISABLE KEYS */;

--
-- start table insert : brand
--
INSERT INTO `brand`(`id`, `brand_name`) VALUES 
(1, 'Munchie');
--
-- end table insert : brand
--

/*!40000 ALTER TABLE `brand` ENABLE KEYS */;


--
-- start  table dump : bundling_item
--

CREATE TABLE IF NOT EXISTS `bundling_item` (
  `id` int NOT NULL AUTO_INCREMENT,
  `qty` int NOT NULL,
  `product_bundling_id` int NOT NULL,
  PRIMARY KEY (`id`) USING BTREE,
  KEY `fk_bundling_type_product_bundling1_idx` (`product_bundling_id`) USING BTREE,
  CONSTRAINT `fk_bundling_type_product_bundling1` FOREIGN KEY (`product_bundling_id`) REFERENCES `product_bundling` (`id`) ON DELETE RESTRICT ON UPDATE RESTRICT
) ENGINE=InnoDB DEFAULT CHARSET=utf8mb3 ROW_FORMAT=DYNAMIC;



--
-- end  table dump : bundling_item
--



--
-- start  table dump : bundling_type
--

CREATE TABLE IF NOT EXISTS `bundling_type` (
  `id` int NOT NULL AUTO_INCREMENT,
  PRIMARY KEY (`id`) USING BTREE
) ENGINE=InnoDB DEFAULT CHARSET=utf8mb3 ROW_FORMAT=DYNAMIC;



--
-- end  table dump : bundling_type
--



--
-- start  table dump : category
--

CREATE TABLE IF NOT EXISTS `category` (
  `id` int NOT NULL AUTO_INCREMENT,
  `category_name` varchar(100) CHARACTER SET utf8mb3 COLLATE utf8mb3_general_ci DEFAULT NULL,
  `sub_categoriy` varchar(45) CHARACTER SET utf8mb3 COLLATE utf8mb3_general_ci DEFAULT NULL,
  `created_at` timestamp NOT NULL DEFAULT CURRENT_TIMESTAMP,
  `updated_at` timestamp NULL DEFAULT NULL ON UPDATE CURRENT_TIMESTAMP,
  PRIMARY KEY (`id`) USING BTREE
) ENGINE=InnoDB AUTO_INCREMENT=3 DEFAULT CHARSET=utf8mb3 ROW_FORMAT=DYNAMIC;



--
-- end  table dump : category
--


--
-- Inserts of category
--


/*!40000 ALTER TABLE `category` DISABLE KEYS */;

--
-- start table insert : category
--
INSERT INTO `category`(`id`, `category_name`, `sub_categoriy`, `created_at`, `updated_at`) VALUES 
(1, 'Busicuits', 'sasda', '2024-05-24 22:19:34', null);
--
-- end table insert : category
--

/*!40000 ALTER TABLE `category` ENABLE KEYS */;


--
-- start  table dump : city
--

CREATE TABLE IF NOT EXISTS `city` (
  `id` int NOT NULL AUTO_INCREMENT,
  `name` varchar(45) CHARACTER SET utf8mb3 COLLATE utf8mb3_general_ci NOT NULL,
  `province_id` int NOT NULL,
  PRIMARY KEY (`id`) USING BTREE,
  KEY `fk_city_province1_idx` (`province_id`) USING BTREE,
  CONSTRAINT `fk_city_province1` FOREIGN KEY (`province_id`) REFERENCES `province` (`id`) ON DELETE RESTRICT ON UPDATE RESTRICT
) ENGINE=InnoDB AUTO_INCREMENT=2 DEFAULT CHARSET=utf8mb3 ROW_FORMAT=DYNAMIC;



--
-- end  table dump : city
--


--
-- Inserts of city
--


/*!40000 ALTER TABLE `city` DISABLE KEYS */;

--
-- start table insert : city
--
INSERT INTO `city`(`id`, `name`, `province_id`) VALUES 
(1, 'Colombo', 1);
--
-- end table insert : city
--

/*!40000 ALTER TABLE `city` ENABLE KEYS */;


--
-- start  table dump : company
--

CREATE TABLE IF NOT EXISTS `company` (
  `id` int NOT NULL AUTO_INCREMENT,
  `name` varchar(100) CHARACTER SET utf8mb3 COLLATE utf8mb3_general_ci NOT NULL,
  `mobile` varchar(15) CHARACTER SET utf8mb3 COLLATE utf8mb3_general_ci NOT NULL,
  `line1` varchar(100) CHARACTER SET utf8mb3 COLLATE utf8mb3_general_ci NOT NULL,
  `line2` varchar(100) CHARACTER SET utf8mb3 COLLATE utf8mb3_general_ci NOT NULL,
  `city_id` int NOT NULL,
  `created_at` timestamp NOT NULL DEFAULT CURRENT_TIMESTAMP,
  `updated_at` timestamp NULL DEFAULT NULL ON UPDATE CURRENT_TIMESTAMP,
  PRIMARY KEY (`id`) USING BTREE,
  KEY `fk_company_city2_idx` (`city_id`) USING BTREE,
  CONSTRAINT `fk_company_city2` FOREIGN KEY (`city_id`) REFERENCES `city` (`id`) ON DELETE RESTRICT ON UPDATE RESTRICT
) ENGINE=InnoDB AUTO_INCREMENT=6 DEFAULT CHARSET=utf8mb3 ROW_FORMAT=DYNAMIC;



--
-- end  table dump : company
--


--
-- Inserts of company
--


/*!40000 ALTER TABLE `company` DISABLE KEYS */;

--
-- start table insert : company
--
INSERT INTO `company`(`id`, `name`, `mobile`, `line1`, `line2`, `city_id`, `created_at`, `updated_at`) VALUES 
(1, 'sad', '0771112223', 'sda', 'ads', 1, '2024-05-28 12:35:49', '2024-05-28 13:02:28'),
(2, 'bad', '0771112223', 'sda', 'ads', 1, '2024-05-28 12:44:04', '2024-05-29 19:42:58'),
(3, 'mad', '0771112223', 'sda', 'ads', 1, '2024-05-28 12:45:11', '2024-05-29 19:43:00'),
(4, 'ew', '0771112223', 'sda', 'ads', 1, '2024-05-28 13:02:00', '2024-05-29 19:43:02'),
(5, 'ads', '0771231222', 'ads', 'ads', 1, '2024-05-29 19:58:09', null);
--
-- end table insert : company
--

/*!40000 ALTER TABLE `company` ENABLE KEYS */;


--
-- start  table dump : customer
--

CREATE TABLE IF NOT EXISTS `customer` (
  `id` int NOT NULL AUTO_INCREMENT,
  `fname` varchar(50) CHARACTER SET utf8mb3 COLLATE utf8mb3_general_ci NOT NULL,
  `lname` varchar(50) CHARACTER SET utf8mb3 COLLATE utf8mb3_general_ci NOT NULL,
  `email` varchar(255) CHARACTER SET utf8mb3 COLLATE utf8mb3_general_ci DEFAULT NULL,
  `mobile` varchar(15) CHARACTER SET utf8mb3 COLLATE utf8mb3_general_ci NOT NULL,
  `registration_date` date DEFAULT NULL,
  `last_purchase_date` date DEFAULT NULL,
  `created_at` timestamp NOT NULL DEFAULT CURRENT_TIMESTAMP,
  `updated_at` timestamp NULL DEFAULT NULL ON UPDATE CURRENT_TIMESTAMP,
  PRIMARY KEY (`id`) USING BTREE
) ENGINE=InnoDB AUTO_INCREMENT=12555 DEFAULT CHARSET=utf8mb3 ROW_FORMAT=DYNAMIC;



--
-- end  table dump : customer
--


--
-- Inserts of customer
--


/*!40000 ALTER TABLE `customer` DISABLE KEYS */;

--
-- start table insert : customer
--
INSERT INTO `customer`(`id`, `fname`, `lname`, `email`, `mobile`, `registration_date`, `last_purchase_date`, `created_at`, `updated_at`) VALUES 
(12546, 'Chandupa', 'Jayalath', 'chandupajayalath20@gmail.com', '0715221983', '2024-05-22', '2024-05-22', '2024-05-22 21:23:00', '2025-01-17 15:03:01'),
(12547, 'xzc', 'cz', 'abc@gmail.com', '0771123321', '2024-05-29', null, '2024-05-28 12:23:40', '2024-05-29 19:41:40'),
(12548, 'sahan', 'kavintha', 'sahan@gmail.com', '0775556644', '2024-05-28', null, '2024-05-28 12:28:07', null),
(12549, 'sahan', 'kavintha', 'sahan@gmail.com', '0775556622', '2024-05-28', null, '2024-05-28 12:28:17', '2024-05-29 19:41:28'),
(12550, 'sahan', 'kavintha', 'sahan@gmail.com', '0775556622', '2024-05-28', null, '2024-05-28 12:29:18', null),
(12551, 'xzc', 'cz', 'abc@gmail.com', '0771123321', '2024-05-29', null, '2024-05-28 12:31:10', '2024-05-29 19:41:14'),
(12552, 'sachintha ', 'dila', 'sachi@gmail.com', '0764445533', '2024-05-28', null, '2024-05-28 12:34:46', null),
(12553, 'xzc', 'cz', 'abc@gmail.com', '0771123321', '2024-05-29', null, '2024-05-29 19:41:08', null),
(12554, 'Chandupa', 'Jayalath', 'chandupajayalath20@gmail.com', '0715221981', '2024-05-22', null, '2025-01-17 15:03:10', null);
--
-- end table insert : customer
--

/*!40000 ALTER TABLE `customer` ENABLE KEYS */;


--
-- start  table dump : damaged_stock
--

CREATE TABLE IF NOT EXISTS `damaged_stock` (
  `id` int NOT NULL AUTO_INCREMENT,
  `qty` varchar(45) CHARACTER SET utf8mb3 COLLATE utf8mb3_general_ci NOT NULL,
  `created` timestamp NOT NULL DEFAULT CURRENT_TIMESTAMP,
  `updated_at` timestamp NULL DEFAULT NULL ON UPDATE CURRENT_TIMESTAMP,
  PRIMARY KEY (`id`) USING BTREE
) ENGINE=InnoDB DEFAULT CHARSET=utf8mb3 ROW_FORMAT=DYNAMIC;



--
-- end  table dump : damaged_stock
--



--
-- start  table dump : employee
--

CREATE TABLE IF NOT EXISTS `employee` (
  `nic` bigint NOT NULL,
  `mobile` varchar(15) CHARACTER SET utf8mb3 COLLATE utf8mb3_general_ci NOT NULL,
  `fname` varchar(45) CHARACTER SET utf8mb3 COLLATE utf8mb3_general_ci NOT NULL,
  `lname` varchar(45) CHARACTER SET utf8mb3 COLLATE utf8mb3_general_ci NOT NULL,
  `gender_id` int NOT NULL,
  `employee_type_id` int NOT NULL,
  `date_registered` date NOT NULL,
  `line1` varchar(100) CHARACTER SET utf8mb3 COLLATE utf8mb3_general_ci NOT NULL,
  `line2` varchar(100) CHARACTER SET utf8mb3 COLLATE utf8mb3_general_ci NOT NULL,
  `city_id` int NOT NULL,
  `created_at` timestamp NOT NULL DEFAULT CURRENT_TIMESTAMP,
  `updated_at` timestamp NULL DEFAULT NULL ON UPDATE CURRENT_TIMESTAMP,
  PRIMARY KEY (`nic`) USING BTREE,
  KEY `fk_employee_employee_type1_idx` (`employee_type_id`) USING BTREE,
  KEY `fk_employee_gender1_idx` (`gender_id`) USING BTREE,
  KEY `fk_employee_city2_idx` (`city_id`) USING BTREE,
  CONSTRAINT `fk_employee_city2` FOREIGN KEY (`city_id`) REFERENCES `city` (`id`) ON DELETE RESTRICT ON UPDATE RESTRICT,
  CONSTRAINT `fk_employee_employee_type1` FOREIGN KEY (`employee_type_id`) REFERENCES `employee_type` (`id`) ON DELETE RESTRICT ON UPDATE RESTRICT,
  CONSTRAINT `fk_employee_gender1` FOREIGN KEY (`gender_id`) REFERENCES `gender` (`id`) ON DELETE RESTRICT ON UPDATE RESTRICT
) ENGINE=InnoDB DEFAULT CHARSET=utf8mb3 ROW_FORMAT=DYNAMIC;



--
-- end  table dump : employee
--


--
-- Inserts of employee
--


/*!40000 ALTER TABLE `employee` DISABLE KEYS */;

--
-- start table insert : employee
--
INSERT INTO `employee`(`nic`, `mobile`, `fname`, `lname`, `gender_id`, `employee_type_id`, `date_registered`, `line1`, `line2`, `city_id`, `created_at`, `updated_at`) VALUES 
('200102003436', '0715221982', 'sahan', 'perera', 1, 1, '2024-05-22', 'Anuradhapura', 'Gampaha', 1, '2024-05-22 12:02:43', '2024-05-22 12:08:21'),
('200102465189', '0773729462', 'maneesja', 'dilshan', 1, 2, '2024-05-22', 'Anuradhapura', 'Kiribathgoda', 1, '2024-05-22 17:49:06', '2024-05-22 17:49:21');
--
-- end table insert : employee
--

/*!40000 ALTER TABLE `employee` ENABLE KEYS */;


--
-- start  table dump : employee_type
--

CREATE TABLE IF NOT EXISTS `employee_type` (
  `id` int NOT NULL AUTO_INCREMENT,
  `type` varchar(20) CHARACTER SET utf8mb3 COLLATE utf8mb3_general_ci NOT NULL,
  PRIMARY KEY (`id`) USING BTREE
) ENGINE=InnoDB AUTO_INCREMENT=3 DEFAULT CHARSET=utf8mb3 ROW_FORMAT=DYNAMIC;



--
-- end  table dump : employee_type
--


--
-- Inserts of employee_type
--


/*!40000 ALTER TABLE `employee_type` DISABLE KEYS */;

--
-- start table insert : employee_type
--
INSERT INTO `employee_type`(`id`, `type`) VALUES 
(1, 'Cleaner'),
(2, 'Cashier');
--
-- end table insert : employee_type
--

/*!40000 ALTER TABLE `employee_type` ENABLE KEYS */;


--
-- start  table dump : gender
--

CREATE TABLE IF NOT EXISTS `gender` (
  `id` int NOT NULL AUTO_INCREMENT,
  `name` varchar(45) CHARACTER SET utf8mb3 COLLATE utf8mb3_general_ci DEFAULT NULL,
  PRIMARY KEY (`id`) USING BTREE
) ENGINE=InnoDB AUTO_INCREMENT=3 DEFAULT CHARSET=utf8mb3 ROW_FORMAT=DYNAMIC;



--
-- end  table dump : gender
--


--
-- Inserts of gender
--


/*!40000 ALTER TABLE `gender` DISABLE KEYS */;

--
-- start table insert : gender
--
INSERT INTO `gender`(`id`, `name`) VALUES 
(1, 'Male'),
(2, 'Female');
--
-- end table insert : gender
--

/*!40000 ALTER TABLE `gender` ENABLE KEYS */;


--
-- start  table dump : grn
--

CREATE TABLE IF NOT EXISTS `grn` (
  `id` int NOT NULL AUTO_INCREMENT,
  `supplier_id` int NOT NULL,
  `discount` double DEFAULT NULL,
  `payment_method_id` int NOT NULL,
  `created_at` timestamp NOT NULL DEFAULT CURRENT_TIMESTAMP,
  `updated_at` timestamp NULL DEFAULT NULL ON UPDATE CURRENT_TIMESTAMP,
  PRIMARY KEY (`id`) USING BTREE,
  KEY `fk_grn_supplier1_idx` (`supplier_id`) USING BTREE,
  KEY `fk_grn_payment_method1_idx` (`payment_method_id`) USING BTREE,
  CONSTRAINT `fk_grn_payment_method1` FOREIGN KEY (`payment_method_id`) REFERENCES `payment_method` (`id`) ON DELETE RESTRICT ON UPDATE RESTRICT,
  CONSTRAINT `fk_grn_supplier1` FOREIGN KEY (`supplier_id`) REFERENCES `supplier` (`id`) ON DELETE RESTRICT ON UPDATE RESTRICT
) ENGINE=InnoDB AUTO_INCREMENT=2 DEFAULT CHARSET=utf8mb3 ROW_FORMAT=DYNAMIC;



--
-- end  table dump : grn
--


--
-- Inserts of grn
--


/*!40000 ALTER TABLE `grn` DISABLE KEYS */;

--
-- start table insert : grn
--
INSERT INTO `grn`(`id`, `supplier_id`, `discount`, `payment_method_id`, `created_at`, `updated_at`) VALUES 
(1, 1, null, 1, '2025-01-18 16:53:46', '2025-01-18 16:53:47');
--
-- end table insert : grn
--

/*!40000 ALTER TABLE `grn` ENABLE KEYS */;


--
-- start  table dump : grn_item
--

CREATE TABLE IF NOT EXISTS `grn_item` (
  `id` int NOT NULL AUTO_INCREMENT,
  `grn_id` int NOT NULL,
  `stock_id` int NOT NULL,
  `category` varchar(100) CHARACTER SET utf8mb3 COLLATE utf8mb3_general_ci DEFAULT NULL,
  `qty` double DEFAULT NULL,
  `buying_price` varchar(10) CHARACTER SET utf8mb3 COLLATE utf8mb3_general_ci NOT NULL,
  `created_at` timestamp NOT NULL DEFAULT CURRENT_TIMESTAMP,
  `updated_at` timestamp NULL DEFAULT NULL ON UPDATE CURRENT_TIMESTAMP,
  PRIMARY KEY (`id`) USING BTREE,
  KEY `fk_grn_item_grn1_idx` (`grn_id`) USING BTREE,
  KEY `fk_grn_item_stock1_idx` (`stock_id`) USING BTREE,
  CONSTRAINT `fk_grn_item_grn1` FOREIGN KEY (`grn_id`) REFERENCES `grn` (`id`) ON DELETE RESTRICT ON UPDATE RESTRICT,
  CONSTRAINT `fk_grn_item_stock1` FOREIGN KEY (`stock_id`) REFERENCES `stock` (`id`) ON DELETE RESTRICT ON UPDATE RESTRICT
) ENGINE=InnoDB DEFAULT CHARSET=utf8mb3 ROW_FORMAT=DYNAMIC;



--
-- end  table dump : grn_item
--



--
-- start  table dump : invoice
--

CREATE TABLE IF NOT EXISTS `invoice` (
  `id` int NOT NULL AUTO_INCREMENT,
  `user_id` int NOT NULL,
  `customer_id` int NOT NULL,
  `payment_method_id` int NOT NULL,
  `invoice_date` datetime DEFAULT NULL,
  `total` double NOT NULL,
  `balance` double NOT NULL,
  `discount` double DEFAULT NULL,
  `created_at` timestamp NOT NULL DEFAULT CURRENT_TIMESTAMP,
  `updated_at` timestamp NULL DEFAULT NULL ON UPDATE CURRENT_TIMESTAMP,
  PRIMARY KEY (`id`) USING BTREE,
  KEY `fk_invoice_customer1_idx` (`customer_id`) USING BTREE,
  KEY `fk_invoice_payment_method1_idx` (`payment_method_id`) USING BTREE,
  KEY `fk_invoice_user2_idx` (`user_id`) USING BTREE,
  CONSTRAINT `fk_invoice_customer1` FOREIGN KEY (`customer_id`) REFERENCES `customer` (`id`) ON DELETE RESTRICT ON UPDATE RESTRICT,
  CONSTRAINT `fk_invoice_payment_method1` FOREIGN KEY (`payment_method_id`) REFERENCES `payment_method` (`id`) ON DELETE RESTRICT ON UPDATE RESTRICT,
  CONSTRAINT `fk_invoice_user2` FOREIGN KEY (`user_id`) REFERENCES `user` (`id`) ON DELETE RESTRICT ON UPDATE RESTRICT
) ENGINE=InnoDB DEFAULT CHARSET=utf8mb3 ROW_FORMAT=DYNAMIC;



--
-- end  table dump : invoice
--



--
-- start  table dump : invoice_item
--

CREATE TABLE IF NOT EXISTS `invoice_item` (
  `id` int NOT NULL AUTO_INCREMENT,
  `stock_id` int NOT NULL,
  `damaged_stock_id` int NOT NULL,
  `invoice_id` int NOT NULL,
  `qty` double DEFAULT NULL,
  `created_at` timestamp NOT NULL DEFAULT CURRENT_TIMESTAMP,
  `updated_at` timestamp NULL DEFAULT NULL ON UPDATE CURRENT_TIMESTAMP,
  PRIMARY KEY (`id`) USING BTREE,
  KEY `fk_invoice_item_invoice1_idx` (`invoice_id`) USING BTREE,
  KEY `fk_invoice_item_stock1_idx` (`stock_id`) USING BTREE,
  KEY `fk_invoice_item_damaged_stock1_idx` (`damaged_stock_id`) USING BTREE,
  CONSTRAINT `fk_invoice_item_damaged_stock1` FOREIGN KEY (`damaged_stock_id`) REFERENCES `damaged_stock` (`id`) ON DELETE RESTRICT ON UPDATE RESTRICT,
  CONSTRAINT `fk_invoice_item_invoice1` FOREIGN KEY (`invoice_id`) REFERENCES `invoice` (`id`) ON DELETE RESTRICT ON UPDATE RESTRICT,
  CONSTRAINT `fk_invoice_item_stock1` FOREIGN KEY (`stock_id`) REFERENCES `stock` (`id`) ON DELETE RESTRICT ON UPDATE RESTRICT
) ENGINE=InnoDB DEFAULT CHARSET=utf8mb3 ROW_FORMAT=DYNAMIC;



--
-- end  table dump : invoice_item
--



--
-- start  table dump : leave_management
--

CREATE TABLE IF NOT EXISTS `leave_management` (
  `id` int NOT NULL AUTO_INCREMENT,
  `employee_nic` bigint NOT NULL,
  `date` date NOT NULL,
  `leave_type_id` int NOT NULL,
  `reason` varchar(45) CHARACTER SET utf8mb3 COLLATE utf8mb3_general_ci DEFAULT NULL,
  `created_at` timestamp NULL DEFAULT CURRENT_TIMESTAMP,
  `updated_at` timestamp NULL DEFAULT NULL ON UPDATE CURRENT_TIMESTAMP,
  PRIMARY KEY (`id`) USING BTREE,
  KEY `fk_leave_management_leave_type1_idx` (`leave_type_id`) USING BTREE,
  KEY `fk_leave_management_employee1_idx` (`employee_nic`) USING BTREE,
  CONSTRAINT `fk_leave_management_employee1` FOREIGN KEY (`employee_nic`) REFERENCES `employee` (`nic`) ON DELETE RESTRICT ON UPDATE RESTRICT,
  CONSTRAINT `fk_leave_management_leave_type1` FOREIGN KEY (`leave_type_id`) REFERENCES `leave_type` (`id`) ON DELETE RESTRICT ON UPDATE RESTRICT
) ENGINE=InnoDB AUTO_INCREMENT=6 DEFAULT CHARSET=utf8mb3 ROW_FORMAT=DYNAMIC;



--
-- end  table dump : leave_management
--


--
-- Inserts of leave_management
--


/*!40000 ALTER TABLE `leave_management` DISABLE KEYS */;

--
-- start table insert : leave_management
--
INSERT INTO `leave_management`(`id`, `employee_nic`, `date`, `leave_type_id`, `reason`, `created_at`, `updated_at`) VALUES 
(1, '200102003436', '2024-05-23', 2, 'sick', '2024-05-22 21:29:52', '2024-05-23 14:59:00'),
(2, '200102465189', '2024-05-23', 2, 'sds', '2024-05-23 14:51:23', '2024-05-23 14:52:26'),
(3, '200102465189', '2024-05-23', 1, 'fgfd', '2024-05-23 14:58:05', '2024-05-23 14:58:13'),
(4, '200102003436', '2024-05-24', 1, 'asdadas', '2024-05-24 00:23:31', null),
(5, '200102003436', '2024-05-29', 1, 'bggfgs', '2024-05-29 19:36:42', null);
--
-- end table insert : leave_management
--

/*!40000 ALTER TABLE `leave_management` ENABLE KEYS */;


--
-- start  table dump : leave_type
--

CREATE TABLE IF NOT EXISTS `leave_type` (
  `id` int NOT NULL AUTO_INCREMENT,
  `name` varchar(45) CHARACTER SET utf8mb3 COLLATE utf8mb3_general_ci NOT NULL,
  PRIMARY KEY (`id`) USING BTREE
) ENGINE=InnoDB AUTO_INCREMENT=3 DEFAULT CHARSET=utf8mb3 ROW_FORMAT=DYNAMIC;



--
-- end  table dump : leave_type
--


--
-- Inserts of leave_type
--


/*!40000 ALTER TABLE `leave_type` DISABLE KEYS */;

--
-- start table insert : leave_type
--
INSERT INTO `leave_type`(`id`, `name`) VALUES 
(1, 'Leave'),
(2, 'Not Leave');
--
-- end table insert : leave_type
--

/*!40000 ALTER TABLE `leave_type` ENABLE KEYS */;


--
-- start  table dump : loyalty_customer
--

CREATE TABLE IF NOT EXISTS `loyalty_customer` (
  `id` int NOT NULL AUTO_INCREMENT,
  `customer_id` int NOT NULL,
  `points` double DEFAULT NULL,
  `created_at` timestamp NULL DEFAULT CURRENT_TIMESTAMP,
  `updated_at` timestamp NULL DEFAULT NULL ON UPDATE CURRENT_TIMESTAMP,
  `loyalty_type_id` int NOT NULL,
  PRIMARY KEY (`id`) USING BTREE,
  KEY `fk_loyalty_customer_customer1_idx` (`customer_id`) USING BTREE,
  KEY `fk_loyalty_customer_loyalty_type1_idx` (`loyalty_type_id`) USING BTREE,
  CONSTRAINT `fk_loyalty_customer_customer1` FOREIGN KEY (`customer_id`) REFERENCES `customer` (`id`) ON DELETE RESTRICT ON UPDATE RESTRICT,
  CONSTRAINT `fk_loyalty_customer_loyalty_type1` FOREIGN KEY (`loyalty_type_id`) REFERENCES `loyalty_type` (`id`) ON DELETE RESTRICT ON UPDATE RESTRICT
) ENGINE=InnoDB DEFAULT CHARSET=utf8mb3 ROW_FORMAT=DYNAMIC;



--
-- end  table dump : loyalty_customer
--



--
-- start  table dump : loyalty_type
--

CREATE TABLE IF NOT EXISTS `loyalty_type` (
  `id` int NOT NULL AUTO_INCREMENT,
  `type` varchar(45) CHARACTER SET utf8mb3 COLLATE utf8mb3_general_ci NOT NULL,
  PRIMARY KEY (`id`) USING BTREE
) ENGINE=InnoDB DEFAULT CHARSET=utf8mb3 ROW_FORMAT=DYNAMIC;



--
-- end  table dump : loyalty_type
--



--
-- start  table dump : month
--

CREATE TABLE IF NOT EXISTS `month` (
  `id` int NOT NULL AUTO_INCREMENT,
  `name` varchar(45) CHARACTER SET utf8mb3 COLLATE utf8mb3_general_ci NOT NULL,
  PRIMARY KEY (`id`) USING BTREE
) ENGINE=InnoDB DEFAULT CHARSET=utf8mb3 ROW_FORMAT=DYNAMIC;



--
-- end  table dump : month
--



--
-- start  table dump : month_has_year
--

CREATE TABLE IF NOT EXISTS `month_has_year` (
  `month_id` int NOT NULL,
  `year_id` int NOT NULL,
  `id` varchar(45) CHARACTER SET utf8mb3 COLLATE utf8mb3_general_ci NOT NULL,
  PRIMARY KEY (`id`) USING BTREE,
  KEY `fk_month_has_year_year1_idx` (`year_id`) USING BTREE,
  KEY `fk_month_has_year_month1_idx` (`month_id`) USING BTREE,
  CONSTRAINT `fk_month_has_year_month1` FOREIGN KEY (`month_id`) REFERENCES `month` (`id`) ON DELETE RESTRICT ON UPDATE RESTRICT,
  CONSTRAINT `fk_month_has_year_year1` FOREIGN KEY (`year_id`) REFERENCES `year` (`id`) ON DELETE RESTRICT ON UPDATE RESTRICT
) ENGINE=InnoDB DEFAULT CHARSET=utf8mb3 ROW_FORMAT=DYNAMIC;



--
-- end  table dump : month_has_year
--



--
-- start  table dump : order_request
--

CREATE TABLE IF NOT EXISTS `order_request` (
  `id` int NOT NULL AUTO_INCREMENT,
  `supplier_id` int NOT NULL,
  `user_id` int NOT NULL,
  `date` datetime NOT NULL,
  `created_at` timestamp NOT NULL DEFAULT CURRENT_TIMESTAMP,
  `updated_at` timestamp NULL DEFAULT NULL ON UPDATE CURRENT_TIMESTAMP,
  `unique_id` int NOT NULL,
  PRIMARY KEY (`id`) USING BTREE,
  KEY `fk_order_request_supplier1_idx` (`supplier_id`) USING BTREE,
  KEY `fk_order_request_user2_idx` (`user_id`) USING BTREE,
  CONSTRAINT `fk_order_request_supplier1` FOREIGN KEY (`supplier_id`) REFERENCES `supplier` (`id`) ON DELETE RESTRICT ON UPDATE RESTRICT,
  CONSTRAINT `fk_order_request_user2` FOREIGN KEY (`user_id`) REFERENCES `user` (`id`) ON DELETE RESTRICT ON UPDATE RESTRICT
) ENGINE=InnoDB AUTO_INCREMENT=4 DEFAULT CHARSET=utf8mb3 ROW_FORMAT=DYNAMIC;



--
-- end  table dump : order_request
--


--
-- Inserts of order_request
--


/*!40000 ALTER TABLE `order_request` DISABLE KEYS */;

--
-- start table insert : order_request
--
INSERT INTO `order_request`(`id`, `supplier_id`, `user_id`, `date`, `created_at`, `updated_at`, `unique_id`) VALUES 
(1, 1, 1, '2024-05-29 19:45:53', '2024-05-29 19:45:55', '2025-01-17 15:58:56', 231312),
(2, 1, 1, '2024-05-31 19:47:13', '2024-05-29 19:47:36', '2025-01-17 16:17:54', 131312),
(3, 1, 1, '2024-01-16 00:00:00', '2025-01-17 16:32:35', null, 7556451);
--
-- end table insert : order_request
--

/*!40000 ALTER TABLE `order_request` ENABLE KEYS */;


--
-- start  table dump : order_request_item
--

CREATE TABLE IF NOT EXISTS `order_request_item` (
  `id` int NOT NULL AUTO_INCREMENT,
  `product_barcode` bigint NOT NULL,
  `order_request_id` int NOT NULL,
  `order_request_status_id` int NOT NULL,
  `qty` double NOT NULL,
  `created_at` timestamp NOT NULL DEFAULT CURRENT_TIMESTAMP,
  `updated_at` timestamp NULL DEFAULT NULL ON UPDATE CURRENT_TIMESTAMP,
  PRIMARY KEY (`id`) USING BTREE,
  KEY `fk_order_request_item_order_request1_idx` (`order_request_id`) USING BTREE,
  KEY `fk_order_request_item_order_request_status1_idx` (`order_request_status_id`) USING BTREE,
  KEY `fk_order_request_item_product1_idx` (`product_barcode`) USING BTREE,
  CONSTRAINT `fk_order_request_item_order_request1` FOREIGN KEY (`order_request_id`) REFERENCES `order_request` (`id`) ON DELETE RESTRICT ON UPDATE RESTRICT,
  CONSTRAINT `fk_order_request_item_order_request_status1` FOREIGN KEY (`order_request_status_id`) REFERENCES `order_request_status` (`id`) ON DELETE RESTRICT ON UPDATE RESTRICT,
  CONSTRAINT `fk_order_request_item_product1` FOREIGN KEY (`product_barcode`) REFERENCES `product` (`barcode`) ON DELETE RESTRICT ON UPDATE RESTRICT
) ENGINE=InnoDB AUTO_INCREMENT=4 DEFAULT CHARSET=utf8mb3 ROW_FORMAT=DYNAMIC;



--
-- end  table dump : order_request_item
--


--
-- Inserts of order_request_item
--


/*!40000 ALTER TABLE `order_request_item` DISABLE KEYS */;

--
-- start table insert : order_request_item
--
INSERT INTO `order_request_item`(`id`, `product_barcode`, `order_request_id`, `order_request_status_id`, `qty`, `created_at`, `updated_at`) VALUES 
(1, '123457', 1, 1, '5.0', '2025-01-17 15:42:37', '2025-01-18 16:00:27'),
(2, '123456', 2, 2, '10.0', '2025-01-17 16:32:35', '2025-01-18 15:53:37'),
(3, '123457', 3, 2, '10.0', '2025-01-17 16:32:35', null);
--
-- end table insert : order_request_item
--

/*!40000 ALTER TABLE `order_request_item` ENABLE KEYS */;


--
-- start  table dump : order_request_status
--

CREATE TABLE IF NOT EXISTS `order_request_status` (
  `id` int NOT NULL AUTO_INCREMENT,
  `name` varchar(45) CHARACTER SET utf8mb3 COLLATE utf8mb3_general_ci NOT NULL,
  PRIMARY KEY (`id`) USING BTREE
) ENGINE=InnoDB AUTO_INCREMENT=6 DEFAULT CHARSET=utf8mb3 ROW_FORMAT=DYNAMIC;



--
-- end  table dump : order_request_status
--


--
-- Inserts of order_request_status
--


/*!40000 ALTER TABLE `order_request_status` DISABLE KEYS */;

--
-- start table insert : order_request_status
--
INSERT INTO `order_request_status`(`id`, `name`) VALUES 
(1, 'Success'),
(2, 'Pending'),
(3, 'Cancel');
--
-- end table insert : order_request_status
--

/*!40000 ALTER TABLE `order_request_status` ENABLE KEYS */;


--
-- start  table dump : payment_method
--

CREATE TABLE IF NOT EXISTS `payment_method` (
  `id` int NOT NULL AUTO_INCREMENT,
  `name` varchar(20) CHARACTER SET utf8mb3 COLLATE utf8mb3_general_ci DEFAULT NULL,
  PRIMARY KEY (`id`) USING BTREE
) ENGINE=InnoDB AUTO_INCREMENT=3 DEFAULT CHARSET=utf8mb3 ROW_FORMAT=DYNAMIC;



--
-- end  table dump : payment_method
--


--
-- Inserts of payment_method
--


/*!40000 ALTER TABLE `payment_method` DISABLE KEYS */;

--
-- start table insert : payment_method
--
INSERT INTO `payment_method`(`id`, `name`) VALUES 
(1, 'Card Payment'),
(2, 'Cash');
--
-- end table insert : payment_method
--

/*!40000 ALTER TABLE `payment_method` ENABLE KEYS */;


--
-- start  table dump : payroll_management
--

CREATE TABLE IF NOT EXISTS `payroll_management` (
  `id` int NOT NULL AUTO_INCREMENT,
  `employee_nic` bigint NOT NULL,
  `work_hours` varchar(45) CHARACTER SET utf8mb3 COLLATE utf8mb3_general_ci DEFAULT NULL,
  `month_has_year_id` varchar(45) CHARACTER SET utf8mb3 COLLATE utf8mb3_general_ci NOT NULL,
  `Status_id` int NOT NULL,
  `salary` double DEFAULT NULL,
  `bonus` double DEFAULT NULL,
  `ot` double DEFAULT NULL,
  `created_at` timestamp NOT NULL DEFAULT CURRENT_TIMESTAMP,
  `updated_at` timestamp NULL DEFAULT NULL ON UPDATE CURRENT_TIMESTAMP,
  PRIMARY KEY (`id`) USING BTREE,
  KEY `fk_payroll_management_month_has_year1_idx` (`month_has_year_id`) USING BTREE,
  KEY `fk_payroll_management_employee1_idx` (`employee_nic`) USING BTREE,
  KEY `fk_payroll_management_Status1_idx` (`Status_id`) USING BTREE,
  CONSTRAINT `fk_payroll_management_employee1` FOREIGN KEY (`employee_nic`) REFERENCES `employee` (`nic`) ON DELETE RESTRICT ON UPDATE RESTRICT,
  CONSTRAINT `fk_payroll_management_month_has_year1` FOREIGN KEY (`month_has_year_id`) REFERENCES `month_has_year` (`id`) ON DELETE RESTRICT ON UPDATE RESTRICT,
  CONSTRAINT `fk_payroll_management_Status1` FOREIGN KEY (`Status_id`) REFERENCES `status` (`id`) ON DELETE RESTRICT ON UPDATE RESTRICT
) ENGINE=InnoDB DEFAULT CHARSET=utf8mb3 ROW_FORMAT=DYNAMIC;



--
-- end  table dump : payroll_management
--



--
-- start  table dump : product
--

CREATE TABLE IF NOT EXISTS `product` (
  `barcode` bigint NOT NULL AUTO_INCREMENT,
  `brand_id` int NOT NULL,
  `category_id` int NOT NULL,
  `qty_type_id` int NOT NULL,
  `name` varchar(45) CHARACTER SET utf8mb3 COLLATE utf8mb3_general_ci NOT NULL,
  `description` varchar(100) CHARACTER SET utf8mb3 COLLATE utf8mb3_general_ci DEFAULT NULL,
  `created_at` timestamp NOT NULL DEFAULT CURRENT_TIMESTAMP,
  `updated_at` timestamp NULL DEFAULT NULL ON UPDATE CURRENT_TIMESTAMP,
  PRIMARY KEY (`barcode`) USING BTREE,
  KEY `fk_product_brand1_idx` (`brand_id`) USING BTREE,
  KEY `fk_product_category1_idx` (`category_id`) USING BTREE,
  KEY `fk_product_qty_type1_idx` (`qty_type_id`) USING BTREE,
  CONSTRAINT `fk_product_brand1` FOREIGN KEY (`brand_id`) REFERENCES `brand` (`id`) ON DELETE RESTRICT ON UPDATE RESTRICT,
  CONSTRAINT `fk_product_category1` FOREIGN KEY (`category_id`) REFERENCES `category` (`id`) ON DELETE RESTRICT ON UPDATE RESTRICT,
  CONSTRAINT `fk_product_qty_type1` FOREIGN KEY (`qty_type_id`) REFERENCES `qty_type` (`id`) ON DELETE RESTRICT ON UPDATE RESTRICT
) ENGINE=InnoDB AUTO_INCREMENT=123459 DEFAULT CHARSET=utf8mb3 ROW_FORMAT=DYNAMIC;



--
-- end  table dump : product
--


--
-- Inserts of product
--


/*!40000 ALTER TABLE `product` DISABLE KEYS */;

--
-- start table insert : product
--
INSERT INTO `product`(`barcode`, `brand_id`, `category_id`, `qty_type_id`, `name`, `description`, `created_at`, `updated_at`) VALUES 
('123456', 1, 1, 1, 'Munchi Marie', 'fdfsdfd', '2024-05-24 22:22:29', null),
('123457', 1, 1, 1, 'Chocobico', null, '2024-05-27 21:26:02', null),
('123458', 1, 1, 1, 'sad', 'csaas', '2024-05-29 19:53:10', null);
--
-- end table insert : product
--

/*!40000 ALTER TABLE `product` ENABLE KEYS */;


--
-- start  table dump : product_bundling
--

CREATE TABLE IF NOT EXISTS `product_bundling` (
  `id` int NOT NULL AUTO_INCREMENT,
  `stock_id` int NOT NULL,
  `user_id` int NOT NULL,
  `bundling_type_id` int NOT NULL,
  `created_at` timestamp NOT NULL DEFAULT CURRENT_TIMESTAMP,
  `updated_at` timestamp NULL DEFAULT NULL ON UPDATE CURRENT_TIMESTAMP,
  PRIMARY KEY (`id`) USING BTREE,
  KEY `fk_product_bundling_stock1_idx` (`stock_id`) USING BTREE,
  KEY `fk_product_bundling_bundling_type1_idx` (`bundling_type_id`) USING BTREE,
  KEY `fk_product_bundling_user2_idx` (`user_id`) USING BTREE,
  CONSTRAINT `fk_product_bundling_bundling_type1` FOREIGN KEY (`bundling_type_id`) REFERENCES `bundling_type` (`id`) ON DELETE RESTRICT ON UPDATE RESTRICT,
  CONSTRAINT `fk_product_bundling_stock1` FOREIGN KEY (`stock_id`) REFERENCES `stock` (`id`) ON DELETE RESTRICT ON UPDATE RESTRICT,
  CONSTRAINT `fk_product_bundling_user2` FOREIGN KEY (`user_id`) REFERENCES `user` (`id`) ON DELETE RESTRICT ON UPDATE RESTRICT
) ENGINE=InnoDB DEFAULT CHARSET=utf8mb3 ROW_FORMAT=DYNAMIC;



--
-- end  table dump : product_bundling
--



--
-- start  table dump : province
--

CREATE TABLE IF NOT EXISTS `province` (
  `id` int NOT NULL AUTO_INCREMENT,
  `name` varchar(45) CHARACTER SET utf8mb3 COLLATE utf8mb3_general_ci NOT NULL,
  PRIMARY KEY (`id`) USING BTREE
) ENGINE=InnoDB AUTO_INCREMENT=2 DEFAULT CHARSET=utf8mb3 ROW_FORMAT=DYNAMIC;



--
-- end  table dump : province
--


--
-- Inserts of province
--


/*!40000 ALTER TABLE `province` DISABLE KEYS */;

--
-- start table insert : province
--
INSERT INTO `province`(`id`, `name`) VALUES 
(1, 'Western');
--
-- end table insert : province
--

/*!40000 ALTER TABLE `province` ENABLE KEYS */;


--
-- start  table dump : purchase_return
--

CREATE TABLE IF NOT EXISTS `purchase_return` (
  `id` int NOT NULL AUTO_INCREMENT,
  `invoice_id` int NOT NULL,
  `returned_cash` varchar(45) CHARACTER SET utf8mb3 COLLATE utf8mb3_general_ci NOT NULL,
  `created_at` timestamp NOT NULL DEFAULT CURRENT_TIMESTAMP,
  `updated_at` timestamp NULL DEFAULT NULL ON UPDATE CURRENT_TIMESTAMP,
  `return_type` tinyint NOT NULL DEFAULT '1',
  PRIMARY KEY (`id`) USING BTREE,
  KEY `fk_purchase_return_invoice1_idx` (`invoice_id`) USING BTREE,
  CONSTRAINT `fk_purchase_return_invoice1` FOREIGN KEY (`invoice_id`) REFERENCES `invoice` (`id`) ON DELETE RESTRICT ON UPDATE RESTRICT
) ENGINE=InnoDB DEFAULT CHARSET=utf8mb3 ROW_FORMAT=DYNAMIC;



--
-- end  table dump : purchase_return
--



--
-- start  table dump : qty_type
--

CREATE TABLE IF NOT EXISTS `qty_type` (
  `id` int NOT NULL,
  `type` varchar(20) CHARACTER SET utf8mb3 COLLATE utf8mb3_general_ci DEFAULT NULL,
  PRIMARY KEY (`id`) USING BTREE
) ENGINE=InnoDB DEFAULT CHARSET=utf8mb3 ROW_FORMAT=DYNAMIC;



--
-- end  table dump : qty_type
--


--
-- Inserts of qty_type
--


/*!40000 ALTER TABLE `qty_type` DISABLE KEYS */;

--
-- start table insert : qty_type
--
INSERT INTO `qty_type`(`id`, `type`) VALUES 
(1, '100g');
--
-- end table insert : qty_type
--

/*!40000 ALTER TABLE `qty_type` ENABLE KEYS */;


--
-- start  table dump : return_to_supplier
--

CREATE TABLE IF NOT EXISTS `return_to_supplier` (
  `id` int NOT NULL AUTO_INCREMENT,
  `qty` int NOT NULL,
  `supplier_id` int NOT NULL,
  `grn_id` int NOT NULL,
  `created_at` timestamp NOT NULL DEFAULT CURRENT_TIMESTAMP,
  `updated_at` timestamp NULL DEFAULT NULL ON UPDATE CURRENT_TIMESTAMP,
  PRIMARY KEY (`id`) USING BTREE,
  KEY `fk_return_to_supplier_supplier1_idx` (`supplier_id`) USING BTREE,
  KEY `fk_return_to_supplier_grn1_idx` (`grn_id`) USING BTREE,
  CONSTRAINT `fk_return_to_supplier_grn1` FOREIGN KEY (`grn_id`) REFERENCES `grn` (`id`) ON DELETE RESTRICT ON UPDATE RESTRICT,
  CONSTRAINT `fk_return_to_supplier_supplier1` FOREIGN KEY (`supplier_id`) REFERENCES `supplier` (`id`) ON DELETE RESTRICT ON UPDATE RESTRICT
) ENGINE=InnoDB DEFAULT CHARSET=utf8mb3 ROW_FORMAT=DYNAMIC;



--
-- end  table dump : return_to_supplier
--



--
-- start  table dump : status
--

CREATE TABLE IF NOT EXISTS `status` (
  `id` int NOT NULL AUTO_INCREMENT,
  `name` varchar(45) CHARACTER SET utf8mb3 COLLATE utf8mb3_general_ci NOT NULL,
  PRIMARY KEY (`id`) USING BTREE
) ENGINE=InnoDB DEFAULT CHARSET=utf8mb3 ROW_FORMAT=DYNAMIC;



--
-- end  table dump : status
--



--
-- start  table dump : stock
--

CREATE TABLE IF NOT EXISTS `stock` (
  `id` int NOT NULL AUTO_INCREMENT,
  `product_barcode` bigint NOT NULL,
  `qty` double NOT NULL,
  `selling_price` double NOT NULL,
  `mfg` date NOT NULL,
  `exp` date NOT NULL,
  `created_at` timestamp NOT NULL DEFAULT CURRENT_TIMESTAMP,
  `updated_at` timestamp NULL DEFAULT NULL ON UPDATE CURRENT_TIMESTAMP,
  PRIMARY KEY (`id`) USING BTREE,
  KEY `fk_stock_product1_idx` (`product_barcode`) USING BTREE,
  CONSTRAINT `fk_stock_product1` FOREIGN KEY (`product_barcode`) REFERENCES `product` (`barcode`) ON DELETE RESTRICT ON UPDATE RESTRICT
) ENGINE=InnoDB AUTO_INCREMENT=4 DEFAULT CHARSET=utf8mb3 ROW_FORMAT=DYNAMIC;



--
-- end  table dump : stock
--


--
-- Inserts of stock
--


/*!40000 ALTER TABLE `stock` DISABLE KEYS */;

--
-- start table insert : stock
--
INSERT INTO `stock`(`id`, `product_barcode`, `qty`, `selling_price`, `mfg`, `exp`, `created_at`, `updated_at`) VALUES 
(1, '123456', '1000.0', '80.0', '2024-05-25', '2024-05-26', '2024-05-25 16:33:28', '2024-05-27 20:07:58'),
(3, '123457', '10.0', '100.0', '2024-05-27', '2025-05-27', '2024-05-27 21:26:02', null);
--
-- end table insert : stock
--

/*!40000 ALTER TABLE `stock` ENABLE KEYS */;


--
-- start  table dump : supplier
--

CREATE TABLE IF NOT EXISTS `supplier` (
  `id` int NOT NULL AUTO_INCREMENT,
  `company_id` int NOT NULL,
  `name` varchar(100) CHARACTER SET utf8mb3 COLLATE utf8mb3_general_ci NOT NULL,
  `mobile` varchar(15) CHARACTER SET utf8mb3 COLLATE utf8mb3_general_ci NOT NULL,
  `email` varchar(255) CHARACTER SET utf8mb3 COLLATE utf8mb3_general_ci NOT NULL,
  `nic` varchar(20) CHARACTER SET utf8mb3 COLLATE utf8mb3_general_ci NOT NULL,
  `gender_id` int NOT NULL,
  `created_at` timestamp NOT NULL DEFAULT CURRENT_TIMESTAMP,
  `updated_at` timestamp NULL DEFAULT NULL ON UPDATE CURRENT_TIMESTAMP,
  PRIMARY KEY (`id`) USING BTREE,
  KEY `fk_Supplier_gender1_idx` (`gender_id`) USING BTREE,
  KEY `fk_supplier_company1_idx` (`company_id`) USING BTREE,
  CONSTRAINT `fk_supplier_company1` FOREIGN KEY (`company_id`) REFERENCES `company` (`id`) ON DELETE RESTRICT ON UPDATE RESTRICT,
  CONSTRAINT `fk_Supplier_gender1` FOREIGN KEY (`gender_id`) REFERENCES `gender` (`id`) ON DELETE RESTRICT ON UPDATE RESTRICT
) ENGINE=InnoDB AUTO_INCREMENT=2 DEFAULT CHARSET=utf8mb3 ROW_FORMAT=DYNAMIC;



--
-- end  table dump : supplier
--


--
-- Inserts of supplier
--


/*!40000 ALTER TABLE `supplier` DISABLE KEYS */;

--
-- start table insert : supplier
--
INSERT INTO `supplier`(`id`, `company_id`, `name`, `mobile`, `email`, `nic`, `gender_id`, `created_at`, `updated_at`) VALUES 
(1, 4, 'sda ads', '0772223334', 'abc@gmail.com', '200102465189', 1, '2024-05-29 19:43:40', '2024-05-29 19:45:19');
--
-- end table insert : supplier
--

/*!40000 ALTER TABLE `supplier` ENABLE KEYS */;


--
-- start  table dump : user
--

CREATE TABLE IF NOT EXISTS `user` (
  `id` int NOT NULL AUTO_INCREMENT,
  `username` varchar(255) CHARACTER SET utf8mb3 COLLATE utf8mb3_general_ci NOT NULL,
  `password` varchar(255) CHARACTER SET utf8mb3 COLLATE utf8mb3_general_ci NOT NULL,
  `created_at` timestamp NOT NULL DEFAULT CURRENT_TIMESTAMP,
  `updated_at` timestamp NULL DEFAULT NULL ON UPDATE CURRENT_TIMESTAMP,
  `user_type_id` int NOT NULL,
  `gender_id` int NOT NULL,
  PRIMARY KEY (`id`) USING BTREE,
  KEY `fk_user_user_type1_idx` (`user_type_id`) USING BTREE,
  KEY `fk_user_gender1_idx` (`gender_id`) USING BTREE,
  CONSTRAINT `fk_user_gender1` FOREIGN KEY (`gender_id`) REFERENCES `gender` (`id`) ON DELETE RESTRICT ON UPDATE RESTRICT,
  CONSTRAINT `fk_user_user_type1` FOREIGN KEY (`user_type_id`) REFERENCES `user_type` (`id`) ON DELETE RESTRICT ON UPDATE RESTRICT
) ENGINE=InnoDB AUTO_INCREMENT=4 DEFAULT CHARSET=utf8mb3 ROW_FORMAT=DYNAMIC;



--
-- end  table dump : user
--


--
-- Inserts of user
--


/*!40000 ALTER TABLE `user` DISABLE KEYS */;

--
-- start table insert : user
--
INSERT INTO `user`(`id`, `username`, `password`, `created_at`, `updated_at`, `user_type_id`, `gender_id`) VALUES 
(1, 'maneesha', '123', '2024-05-20 21:09:01', '2024-06-04 17:17:30', 2, 1),
(2, 'thilina', '456', '2024-05-20 21:09:32', '2024-06-04 17:17:36', 3, 1),
(3, 'bathiya', '789', '2024-06-04 17:17:18', '2024-06-04 17:17:20', 1, 1);
--
-- end table insert : user
--

/*!40000 ALTER TABLE `user` ENABLE KEYS */;


--
-- start  table dump : user_type
--

CREATE TABLE IF NOT EXISTS `user_type` (
  `id` int NOT NULL AUTO_INCREMENT,
  `type` varchar(45) CHARACTER SET utf8mb3 COLLATE utf8mb3_general_ci DEFAULT NULL,
  PRIMARY KEY (`id`) USING BTREE
) ENGINE=InnoDB AUTO_INCREMENT=5 DEFAULT CHARSET=utf8mb3 ROW_FORMAT=DYNAMIC;



--
-- end  table dump : user_type
--


--
-- Inserts of user_type
--


/*!40000 ALTER TABLE `user_type` DISABLE KEYS */;

--
-- start table insert : user_type
--
INSERT INTO `user_type`(`id`, `type`) VALUES 
(1, 'Dev'),
(2, 'Admin'),
(3, 'Cashier');
--
-- end table insert : user_type
--

/*!40000 ALTER TABLE `user_type` ENABLE KEYS */;


--
-- start  table dump : year
--

CREATE TABLE IF NOT EXISTS `year` (
  `id` int NOT NULL AUTO_INCREMENT,
  `name` varchar(45) CHARACTER SET utf8mb3 COLLATE utf8mb3_general_ci NOT NULL,
  PRIMARY KEY (`id`) USING BTREE
) ENGINE=InnoDB DEFAULT CHARSET=utf8mb3 ROW_FORMAT=DYNAMIC;



--
-- end  table dump : year
--


/*!40101 SET SQL_MODE=IFNULL(@OLD_SQL_MODE, '') */;
/*!40014 SET FOREIGN_KEY_CHECKS=IF(@OLD_FOREIGN_KEY_CHECKS IS NULL, 1, @OLD_FOREIGN_KEY_CHECKS) */;
/*!40101 SET CHARACTER_SET_CLIENT=@OLD_CHARACTER_SET_CLIENT */;